borough,lines_reported,average_severity,total_sales_m,total_gva_m,total_employees,total_companies
Camden,1,10.0,2714.348421,991.1505322,19362.652268,1027.3992832
Islington,1,9.0,1783.8136121,635.7937837,13090.021580999999,698.7398299
Westminster,9,8.777777777777779,3383.945563,1313.9514694,35776.757489999996,1667.376589
